City name,Url
Flensburg,https://darkpeakanalytics.shinyapps.io/lcd_query/?SK_Flensburg
Kiel,https://darkpeakanalytics.shinyapps.io/lcd_query/?SK_Kiel
Lübeck,https://darkpeakanalytics.shinyapps.io/lcd_query/?SK_Lübeck
Neumünster,https://darkpeakanalytics.shinyapps.io/lcd_query/?SK_Neumünster
Dithmarschen,https://darkpeakanalytics.shinyapps.io/lcd_query/?LK_Dithmarschen
Herzogtum Lauenburg,https://darkpeakanalytics.shinyapps.io/lcd_query/?LK_Herzogtum_Lauenburg
Nordfriesland,https://darkpeakanalytics.shinyapps.io/lcd_query/?LK_Nordfriesland
Ostholstein,https://darkpeakanalytics.shinyapps.io/lcd_query/?LK_Ostholstein
Pinneberg,https://darkpeakanalytics.shinyapps.io/lcd_query/?LK_Pinneberg
Plön,https://darkpeakanalytics.shinyapps.io/lcd_query/?LK_Plön
Rendsburg-Eckernförde,https://darkpeakanalytics.shinyapps.io/lcd_query/?LK_Rendsburg-Eckernförde
Schleswig-Flensburg,https://darkpeakanalytics.shinyapps.io/lcd_query/?LK_Schleswig-Flensburg
Segeberg,https://darkpeakanalytics.shinyapps.io/lcd_query/?LK_Segeberg
Steinburg,https://darkpeakanalytics.shinyapps.io/lcd_query/?LK_Steinburg
Stormarn,https://darkpeakanalytics.shinyapps.io/lcd_query/?LK_Stormarn
Hamburg,https://darkpeakanalytics.shinyapps.io/lcd_query/?SK_Hamburg
Braunschweig,https://darkpeakanalytics.shinyapps.io/lcd_query/?SK_Braunschweig
Salzgitter,https://darkpeakanalytics.shinyapps.io/lcd_query/?SK_Salzgitter
Wolfsburg,https://darkpeakanalytics.shinyapps.io/lcd_query/?SK_Wolfsburg
Gifhorn,https://darkpeakanalytics.shinyapps.io/lcd_query/?LK_Gifhorn
Goslar,https://darkpeakanalytics.shinyapps.io/lcd_query/?LK_Goslar
Helmstedt,https://darkpeakanalytics.shinyapps.io/lcd_query/?LK_Helmstedt
Northeim,https://darkpeakanalytics.shinyapps.io/lcd_query/?LK_Northeim
Peine,https://darkpeakanalytics.shinyapps.io/lcd_query/?LK_Peine
Wolfenbüttel,https://darkpeakanalytics.shinyapps.io/lcd_query/?LK_Wolfenbüttel
Göttingen,https://darkpeakanalytics.shinyapps.io/lcd_query/?LK_Göttingen
Region Hannover,https://darkpeakanalytics.shinyapps.io/lcd_query/?Region_Hannover
Diepholz,https://darkpeakanalytics.shinyapps.io/lcd_query/?LK_Diepholz
Hameln-Pyrmont,https://darkpeakanalytics.shinyapps.io/lcd_query/?LK_Hameln-Pyrmont
Hildesheim,https://darkpeakanalytics.shinyapps.io/lcd_query/?LK_Hildesheim
Holzminden,https://darkpeakanalytics.shinyapps.io/lcd_query/?LK_Holzminden
Nienburg (Weser),https://darkpeakanalytics.shinyapps.io/lcd_query/?LK_Nienburg_(Weser)
Schaumburg,https://darkpeakanalytics.shinyapps.io/lcd_query/?LK_Schaumburg
Celle,https://darkpeakanalytics.shinyapps.io/lcd_query/?LK_Celle
Cuxhaven,https://darkpeakanalytics.shinyapps.io/lcd_query/?LK_Cuxhaven
Harburg,https://darkpeakanalytics.shinyapps.io/lcd_query/?LK_Harburg
Lüchow-Dannenberg,https://darkpeakanalytics.shinyapps.io/lcd_query/?LK_Lüchow-Dannenberg
Lüneburg,https://darkpeakanalytics.shinyapps.io/lcd_query/?LK_Lüneburg
Osterholz,https://darkpeakanalytics.shinyapps.io/lcd_query/?LK_Osterholz
Rotenburg (Wümme),https://darkpeakanalytics.shinyapps.io/lcd_query/?LK_Rotenburg_(Wümme)
Heidekreis,https://darkpeakanalytics.shinyapps.io/lcd_query/?LK_Heidekreis
Stade,https://darkpeakanalytics.shinyapps.io/lcd_query/?LK_Stade
Uelzen,https://darkpeakanalytics.shinyapps.io/lcd_query/?LK_Uelzen
Verden,https://darkpeakanalytics.shinyapps.io/lcd_query/?LK_Verden
Delmenhorst,https://darkpeakanalytics.shinyapps.io/lcd_query/?SK_Delmenhorst
Emden,https://darkpeakanalytics.shinyapps.io/lcd_query/?SK_Emden
Oldenburg (Oldb),https://darkpeakanalytics.shinyapps.io/lcd_query/?SK_Oldenburg
Osnabrück,https://darkpeakanalytics.shinyapps.io/lcd_query/?SK_Osnabrück
Wilhelmshaven,https://darkpeakanalytics.shinyapps.io/lcd_query/?SK_Wilhelmshaven
Ammerland,https://darkpeakanalytics.shinyapps.io/lcd_query/?LK_Ammerland
Aurich,https://darkpeakanalytics.shinyapps.io/lcd_query/?LK_Aurich
Cloppenburg,https://darkpeakanalytics.shinyapps.io/lcd_query/?LK_Cloppenburg
Emsland,https://darkpeakanalytics.shinyapps.io/lcd_query/?LK_Emsland
Friesland,https://darkpeakanalytics.shinyapps.io/lcd_query/?LK_Friesland
Grafschaft Bentheim,https://darkpeakanalytics.shinyapps.io/lcd_query/?LK_Grafschaft_Bentheim
Leer,https://darkpeakanalytics.shinyapps.io/lcd_query/?LK_Leer
Oldenburg,https://darkpeakanalytics.shinyapps.io/lcd_query/?LK_Oldenburg
Osnabrück,https://darkpeakanalytics.shinyapps.io/lcd_query/?LK_Osnabrück
Vechta,https://darkpeakanalytics.shinyapps.io/lcd_query/?LK_Vechta
Wesermarsch,https://darkpeakanalytics.shinyapps.io/lcd_query/?LK_Wesermarsch
Wittmund,https://darkpeakanalytics.shinyapps.io/lcd_query/?LK_Wittmund
Bremen,https://darkpeakanalytics.shinyapps.io/lcd_query/?SK_Bremen
Bremerhaven,https://darkpeakanalytics.shinyapps.io/lcd_query/?SK_Bremerhaven
Düsseldorf,https://darkpeakanalytics.shinyapps.io/lcd_query/?SK_Düsseldorf
Duisburg,https://darkpeakanalytics.shinyapps.io/lcd_query/?SK_Duisburg
Essen,https://darkpeakanalytics.shinyapps.io/lcd_query/?SK_Essen
Krefeld,https://darkpeakanalytics.shinyapps.io/lcd_query/?SK_Krefeld
Mönchengladbach,https://darkpeakanalytics.shinyapps.io/lcd_query/?SK_Mönchengladbach
Mülheim an der Ruhr,https://darkpeakanalytics.shinyapps.io/lcd_query/?SK_Mülheim_a.d.Ruhr
Oberhausen,https://darkpeakanalytics.shinyapps.io/lcd_query/?SK_Oberhausen
Remscheid,https://darkpeakanalytics.shinyapps.io/lcd_query/?SK_Remscheid
Solingen,https://darkpeakanalytics.shinyapps.io/lcd_query/?SK_Solingen
Wuppertal,https://darkpeakanalytics.shinyapps.io/lcd_query/?SK_Wuppertal
Kleve,https://darkpeakanalytics.shinyapps.io/lcd_query/?LK_Kleve
Mettmann,https://darkpeakanalytics.shinyapps.io/lcd_query/?LK_Mettmann
Rhein-Kreis Neuss,https://darkpeakanalytics.shinyapps.io/lcd_query/?LK_Rhein-Kreis_Neuss
Viersen,https://darkpeakanalytics.shinyapps.io/lcd_query/?LK_Viersen
Wesel,https://darkpeakanalytics.shinyapps.io/lcd_query/?LK_Wesel
Bonn,https://darkpeakanalytics.shinyapps.io/lcd_query/?SK_Bonn
Köln,https://darkpeakanalytics.shinyapps.io/lcd_query/?SK_Köln
Leverkusen,https://darkpeakanalytics.shinyapps.io/lcd_query/?SK_Leverkusen
Städteregion Aachen,https://darkpeakanalytics.shinyapps.io/lcd_query/?StadtRegion_Aachen
Düren,https://darkpeakanalytics.shinyapps.io/lcd_query/?LK_Düren
Rhein-Erft-Kreis,https://darkpeakanalytics.shinyapps.io/lcd_query/?LK_Rhein-Erft-Kreis
Euskirchen,https://darkpeakanalytics.shinyapps.io/lcd_query/?LK_Euskirchen
Heinsberg,https://darkpeakanalytics.shinyapps.io/lcd_query/?LK_Heinsberg
Oberbergischer Kreis,https://darkpeakanalytics.shinyapps.io/lcd_query/?LK_Oberbergischer_Kreis
Rheinisch-Bergischer Kreis,https://darkpeakanalytics.shinyapps.io/lcd_query/?LK_Rheinisch-Bergischer_Kreis
Rhein-Sieg-Kreis,https://darkpeakanalytics.shinyapps.io/lcd_query/?LK_Rhein-Sieg-Kreis
Bottrop,https://darkpeakanalytics.shinyapps.io/lcd_query/?SK_Bottrop
Gelsenkirchen,https://darkpeakanalytics.shinyapps.io/lcd_query/?SK_Gelsenkirchen
Münster,https://darkpeakanalytics.shinyapps.io/lcd_query/?SK_Münster
Borken,https://darkpeakanalytics.shinyapps.io/lcd_query/?LK_Borken
Coesfeld,https://darkpeakanalytics.shinyapps.io/lcd_query/?LK_Coesfeld
Recklinghausen,https://darkpeakanalytics.shinyapps.io/lcd_query/?LK_Recklinghausen
Steinfurt,https://darkpeakanalytics.shinyapps.io/lcd_query/?LK_Steinfurt
Warendorf,https://darkpeakanalytics.shinyapps.io/lcd_query/?LK_Warendorf
Bielefeld,https://darkpeakanalytics.shinyapps.io/lcd_query/?SK_Bielefeld
Gütersloh,https://darkpeakanalytics.shinyapps.io/lcd_query/?LK_Gütersloh
Herford,https://darkpeakanalytics.shinyapps.io/lcd_query/?LK_Herford
Höxter,https://darkpeakanalytics.shinyapps.io/lcd_query/?LK_Höxter
Lippe,https://darkpeakanalytics.shinyapps.io/lcd_query/?LK_Lippe
Minden-Lübbecke,https://darkpeakanalytics.shinyapps.io/lcd_query/?LK_Minden-Lübbecke
Paderborn,https://darkpeakanalytics.shinyapps.io/lcd_query/?LK_Paderborn
Bochum,https://darkpeakanalytics.shinyapps.io/lcd_query/?SK_Bochum
Dortmund,https://darkpeakanalytics.shinyapps.io/lcd_query/?SK_Dortmund
Hagen,https://darkpeakanalytics.shinyapps.io/lcd_query/?SK_Hagen
Hamm,https://darkpeakanalytics.shinyapps.io/lcd_query/?SK_Hamm
Herne,https://darkpeakanalytics.shinyapps.io/lcd_query/?SK_Herne
Ennepe-Ruhr-Kreis,https://darkpeakanalytics.shinyapps.io/lcd_query/?LK_Ennepe-Ruhr-Kreis
Hochsauerlandkreis,https://darkpeakanalytics.shinyapps.io/lcd_query/?LK_Hochsauerlandkreis
Märkischer Kreis,https://darkpeakanalytics.shinyapps.io/lcd_query/?LK_Märkischer_Kreis
Olpe,https://darkpeakanalytics.shinyapps.io/lcd_query/?LK_Olpe
Siegen-Wittgenstein,https://darkpeakanalytics.shinyapps.io/lcd_query/?LK_Siegen-Wittgenstein
Soest,https://darkpeakanalytics.shinyapps.io/lcd_query/?LK_Soest
Unna,https://darkpeakanalytics.shinyapps.io/lcd_query/?LK_Unna
Darmstadt,https://darkpeakanalytics.shinyapps.io/lcd_query/?SK_Darmstadt
Frankfurt am Main,https://darkpeakanalytics.shinyapps.io/lcd_query/?SK_Frankfurt_am_Main
Offenbach am Main,https://darkpeakanalytics.shinyapps.io/lcd_query/?SK_Offenbach
Wiesbaden,https://darkpeakanalytics.shinyapps.io/lcd_query/?SK_Wiesbaden
Bergstraße,https://darkpeakanalytics.shinyapps.io/lcd_query/?LK_Bergstraße
Darmstadt-Dieburg,https://darkpeakanalytics.shinyapps.io/lcd_query/?LK_Darmstadt-Dieburg
Groß-Gerau,https://darkpeakanalytics.shinyapps.io/lcd_query/?LK_Groß-Gerau
Hochtaunuskreis,https://darkpeakanalytics.shinyapps.io/lcd_query/?LK_Hochtaunuskreis
Main-Kinzig-Kreis,https://darkpeakanalytics.shinyapps.io/lcd_query/?LK_Main-Kinzig-Kreis
Main-Taunus-Kreis,https://darkpeakanalytics.shinyapps.io/lcd_query/?LK_Main-Taunus-Kreis
Odenwaldkreis,https://darkpeakanalytics.shinyapps.io/lcd_query/?LK_Odenwaldkreis
Offenbach,https://darkpeakanalytics.shinyapps.io/lcd_query/?LK_Offenbach
Rheingau-Taunus-Kreis,https://darkpeakanalytics.shinyapps.io/lcd_query/?LK_Rheingau-Taunus-Kreis
Wetteraukreis,https://darkpeakanalytics.shinyapps.io/lcd_query/?LK_Wetteraukreis
Gießen,https://darkpeakanalytics.shinyapps.io/lcd_query/?LK_Gießen
Lahn-Dill-Kreis,https://darkpeakanalytics.shinyapps.io/lcd_query/?LK_Lahn-Dill-Kreis
Limburg-Weilburg,https://darkpeakanalytics.shinyapps.io/lcd_query/?LK_Limburg-Weilburg
Marburg-Biedenkopf,https://darkpeakanalytics.shinyapps.io/lcd_query/?LK_Marburg-Biedenkopf
Vogelsbergkreis,https://darkpeakanalytics.shinyapps.io/lcd_query/?LK_Vogelsbergkreis
Kassel,https://darkpeakanalytics.shinyapps.io/lcd_query/?SK_Kassel
Fulda,https://darkpeakanalytics.shinyapps.io/lcd_query/?LK_Fulda
Hersfeld-Rotenburg,https://darkpeakanalytics.shinyapps.io/lcd_query/?LK_Hersfeld-Rotenburg
Kassel,https://darkpeakanalytics.shinyapps.io/lcd_query/?LK_Kassel
Schwalm-Eder-Kreis,https://darkpeakanalytics.shinyapps.io/lcd_query/?LK_Schwalm-Eder-Kreis
Waldeck-Frankenberg,https://darkpeakanalytics.shinyapps.io/lcd_query/?LK_Waldeck-Frankenberg
Werra-Meißner-Kreis,https://darkpeakanalytics.shinyapps.io/lcd_query/?LK_Werra-Meißner-Kreis
Koblenz,https://darkpeakanalytics.shinyapps.io/lcd_query/?SK_Koblenz
Ahrweiler,https://darkpeakanalytics.shinyapps.io/lcd_query/?LK_Ahrweiler
Altenkirchen (Westerwald),https://darkpeakanalytics.shinyapps.io/lcd_query/?LK_Altenkirchen
Bad Kreuznach,https://darkpeakanalytics.shinyapps.io/lcd_query/?LK_Bad_Kreuznach
Birkenfeld,https://darkpeakanalytics.shinyapps.io/lcd_query/?LK_Birkenfeld
Cochem-Zell,https://darkpeakanalytics.shinyapps.io/lcd_query/?LK_Cochem-Zell
Mayen-Koblenz,https://darkpeakanalytics.shinyapps.io/lcd_query/?LK_Mayen-Koblenz
Neuwied,https://darkpeakanalytics.shinyapps.io/lcd_query/?LK_Neuwied
Rhein-Hunsrück-Kreis,https://darkpeakanalytics.shinyapps.io/lcd_query/?LK_Rhein-Hunsrück-Kreis
Rhein-Lahn-Kreis,https://darkpeakanalytics.shinyapps.io/lcd_query/?LK_Rhein-Lahn-Kreis
Westerwaldkreis,https://darkpeakanalytics.shinyapps.io/lcd_query/?LK_Westerwaldkreis
Trier,https://darkpeakanalytics.shinyapps.io/lcd_query/?SK_Trier
Bernkastel-Wittlich,https://darkpeakanalytics.shinyapps.io/lcd_query/?LK_Bernkastel-Wittlich
Eifelkreis Bitburg-Prüm,https://darkpeakanalytics.shinyapps.io/lcd_query/?LK_Bitburg-Prüm
Vulkaneifel,https://darkpeakanalytics.shinyapps.io/lcd_query/?LK_Vulkaneifel
Trier-Saarburg,https://darkpeakanalytics.shinyapps.io/lcd_query/?LK_Trier-Saarburg
Frankenthal (Pfalz),https://darkpeakanalytics.shinyapps.io/lcd_query/?SK_Frankenthal
Kaiserslautern,https://darkpeakanalytics.shinyapps.io/lcd_query/?SK_Kaiserslautern
Landau in der Pfalz,https://darkpeakanalytics.shinyapps.io/lcd_query/?SK_Landau_i.d.Pfalz
Ludwigshafen am Rhein,https://darkpeakanalytics.shinyapps.io/lcd_query/?SK_Ludwigshafen
Mainz,https://darkpeakanalytics.shinyapps.io/lcd_query/?SK_Mainz
Neustadt an der Weinstraße,https://darkpeakanalytics.shinyapps.io/lcd_query/?SK_Neustadt_a.d.Weinstraße
Pirmasens,https://darkpeakanalytics.shinyapps.io/lcd_query/?SK_Pirmasens
Speyer,https://darkpeakanalytics.shinyapps.io/lcd_query/?SK_Speyer
Worms,https://darkpeakanalytics.shinyapps.io/lcd_query/?SK_Worms
Zweibrücken,https://darkpeakanalytics.shinyapps.io/lcd_query/?SK_Zweibrücken
Alzey-Worms,https://darkpeakanalytics.shinyapps.io/lcd_query/?LK_Alzey-Worms
Bad Dürkheim,https://darkpeakanalytics.shinyapps.io/lcd_query/?LK_Bad_Dürkheim
Donnersbergkreis,https://darkpeakanalytics.shinyapps.io/lcd_query/?LK_Donnersbergkreis
Germersheim,https://darkpeakanalytics.shinyapps.io/lcd_query/?LK_Germersheim
Kaiserslautern,https://darkpeakanalytics.shinyapps.io/lcd_query/?LK_Kaiserslautern
Kusel,https://darkpeakanalytics.shinyapps.io/lcd_query/?LK_Kusel
Südliche Weinstraße,https://darkpeakanalytics.shinyapps.io/lcd_query/?LK_Südliche_Weinstraße
Rhein-Pfalz-Kreis,https://darkpeakanalytics.shinyapps.io/lcd_query/?LK_Rhein-Pfalz-Kreis
Mainz-Bingen,https://darkpeakanalytics.shinyapps.io/lcd_query/?LK_Mainz-Bingen
Südwestpfalz,https://darkpeakanalytics.shinyapps.io/lcd_query/?LK_Südwestpfalz
Stuttgart,https://darkpeakanalytics.shinyapps.io/lcd_query/?SK_Stuttgart
Böblingen,https://darkpeakanalytics.shinyapps.io/lcd_query/?LK_Böblingen
Esslingen,https://darkpeakanalytics.shinyapps.io/lcd_query/?LK_Esslingen
Göppingen,https://darkpeakanalytics.shinyapps.io/lcd_query/?LK_Göppingen
Ludwigsburg,https://darkpeakanalytics.shinyapps.io/lcd_query/?LK_Ludwigsburg
Rems-Murr-Kreis,https://darkpeakanalytics.shinyapps.io/lcd_query/?LK_Rems-Murr-Kreis
Heilbronn,https://darkpeakanalytics.shinyapps.io/lcd_query/?SK_Heilbronn
Heilbronn,https://darkpeakanalytics.shinyapps.io/lcd_query/?LK_Heilbronn
Hohenlohekreis,https://darkpeakanalytics.shinyapps.io/lcd_query/?LK_Hohenlohekreis
Schwäbisch Hall,https://darkpeakanalytics.shinyapps.io/lcd_query/?LK_Schwäbisch_Hall
Main-Tauber-Kreis,https://darkpeakanalytics.shinyapps.io/lcd_query/?LK_Main-Tauber-Kreis
Heidenheim,https://darkpeakanalytics.shinyapps.io/lcd_query/?LK_Heidenheim
Ostalbkreis,https://darkpeakanalytics.shinyapps.io/lcd_query/?LK_Ostalbkreis
Baden-Baden,https://darkpeakanalytics.shinyapps.io/lcd_query/?SK_Baden-Baden
Karlsruhe,https://darkpeakanalytics.shinyapps.io/lcd_query/?SK_Karlsruhe
Karlsruhe,https://darkpeakanalytics.shinyapps.io/lcd_query/?LK_Karlsruhe
Rastatt,https://darkpeakanalytics.shinyapps.io/lcd_query/?LK_Rastatt
Heidelberg,https://darkpeakanalytics.shinyapps.io/lcd_query/?SK_Heidelberg
Mannheim,https://darkpeakanalytics.shinyapps.io/lcd_query/?SK_Mannheim
Neckar-Odenwald-Kreis,https://darkpeakanalytics.shinyapps.io/lcd_query/?LK_Neckar-Odenwald-Kreis
Rhein-Neckar-Kreis,https://darkpeakanalytics.shinyapps.io/lcd_query/?LK_Rhein-Neckar-Kreis
Pforzheim,https://darkpeakanalytics.shinyapps.io/lcd_query/?SK_Pforzheim
Calw,https://darkpeakanalytics.shinyapps.io/lcd_query/?LK_Calw
Enzkreis,https://darkpeakanalytics.shinyapps.io/lcd_query/?LK_Enzkreis
Freudenstadt,https://darkpeakanalytics.shinyapps.io/lcd_query/?LK_Freudenstadt
Freiburg im Breisgau,https://darkpeakanalytics.shinyapps.io/lcd_query/?SK_Freiburg_i.Breisgau
Breisgau-Hochschwarzwald,https://darkpeakanalytics.shinyapps.io/lcd_query/?LK_Breisgau-Hochschwarzwald
Emmendingen,https://darkpeakanalytics.shinyapps.io/lcd_query/?LK_Emmendingen
Ortenaukreis,https://darkpeakanalytics.shinyapps.io/lcd_query/?LK_Ortenaukreis
Rottweil,https://darkpeakanalytics.shinyapps.io/lcd_query/?LK_Rottweil
Schwarzwald-Baar-Kreis,https://darkpeakanalytics.shinyapps.io/lcd_query/?LK_Schwarzwald-Baar-Kreis
Tuttlingen,https://darkpeakanalytics.shinyapps.io/lcd_query/?LK_Tuttlingen
Konstanz,https://darkpeakanalytics.shinyapps.io/lcd_query/?LK_Konstanz
Lörrach,https://darkpeakanalytics.shinyapps.io/lcd_query/?LK_Lörrach
Waldshut,https://darkpeakanalytics.shinyapps.io/lcd_query/?LK_Waldshut
Reutlingen,https://darkpeakanalytics.shinyapps.io/lcd_query/?LK_Reutlingen
Tübingen,https://darkpeakanalytics.shinyapps.io/lcd_query/?LK_Tübingen
Zollernalbkreis,https://darkpeakanalytics.shinyapps.io/lcd_query/?LK_Zollernalbkreis
Ulm,https://darkpeakanalytics.shinyapps.io/lcd_query/?SK_Ulm
Alb-Donau-Kreis,https://darkpeakanalytics.shinyapps.io/lcd_query/?LK_Alb-Donau-Kreis
Biberach,https://darkpeakanalytics.shinyapps.io/lcd_query/?LK_Biberach
Bodenseekreis,https://darkpeakanalytics.shinyapps.io/lcd_query/?LK_Bodenseekreis
Ravensburg,https://darkpeakanalytics.shinyapps.io/lcd_query/?LK_Ravensburg
Sigmaringen,https://darkpeakanalytics.shinyapps.io/lcd_query/?LK_Sigmaringen
Ingolstadt,https://darkpeakanalytics.shinyapps.io/lcd_query/?SK_Ingolstadt
München,https://darkpeakanalytics.shinyapps.io/lcd_query/?SK_München
Rosenheim,https://darkpeakanalytics.shinyapps.io/lcd_query/?SK_Rosenheim
Altötting,https://darkpeakanalytics.shinyapps.io/lcd_query/?LK_Altötting
Berchtesgadener Land,https://darkpeakanalytics.shinyapps.io/lcd_query/?LK_Berchtesgadener_Land
Bad Tölz-Wolfratshausen,https://darkpeakanalytics.shinyapps.io/lcd_query/?LK_Bad_Tölz-Wolfratshausen
Dachau,https://darkpeakanalytics.shinyapps.io/lcd_query/?LK_Dachau
Ebersberg,https://darkpeakanalytics.shinyapps.io/lcd_query/?LK_Ebersberg
Eichstätt,https://darkpeakanalytics.shinyapps.io/lcd_query/?LK_Eichstätt
Erding,https://darkpeakanalytics.shinyapps.io/lcd_query/?LK_Erding
Freising,https://darkpeakanalytics.shinyapps.io/lcd_query/?LK_Freising
Fürstenfeldbruck,https://darkpeakanalytics.shinyapps.io/lcd_query/?LK_Fürstenfeldbruck
Garmisch-Partenkirchen,https://darkpeakanalytics.shinyapps.io/lcd_query/?LK_Garmisch-Partenkirchen
Landsberg am Lech,https://darkpeakanalytics.shinyapps.io/lcd_query/?LK_Landsberg_a.Lech
Miesbach,https://darkpeakanalytics.shinyapps.io/lcd_query/?LK_Miesbach
Mühldorf a. Inn,https://darkpeakanalytics.shinyapps.io/lcd_query/?LK_Mühldorf_a.Inn
München,https://darkpeakanalytics.shinyapps.io/lcd_query/?LK_München
Neuburg-Schrobenhausen,https://darkpeakanalytics.shinyapps.io/lcd_query/?LK_Neuburg-Schrobenhausen
Pfaffenhofen a.d. Ilm,https://darkpeakanalytics.shinyapps.io/lcd_query/?LK_Pfaffenhofen_a.d.Ilm
Rosenheim,https://darkpeakanalytics.shinyapps.io/lcd_query/?LK_Rosenheim
Starnberg,https://darkpeakanalytics.shinyapps.io/lcd_query/?LK_Starnberg
Traunstein,https://darkpeakanalytics.shinyapps.io/lcd_query/?LK_Traunstein
Weilheim-Schongau,https://darkpeakanalytics.shinyapps.io/lcd_query/?LK_Weilheim-Schongau
Landshut,https://darkpeakanalytics.shinyapps.io/lcd_query/?SK_Landshut
Passau,https://darkpeakanalytics.shinyapps.io/lcd_query/?SK_Passau
Straubing,https://darkpeakanalytics.shinyapps.io/lcd_query/?SK_Straubing
Deggendorf,https://darkpeakanalytics.shinyapps.io/lcd_query/?LK_Deggendorf
Freyung-Grafenau,https://darkpeakanalytics.shinyapps.io/lcd_query/?LK_Freyung-Grafenau
Kelheim,https://darkpeakanalytics.shinyapps.io/lcd_query/?LK_Kelheim
Landshut,https://darkpeakanalytics.shinyapps.io/lcd_query/?LK_Landshut
Passau,https://darkpeakanalytics.shinyapps.io/lcd_query/?LK_Passau
Regen,https://darkpeakanalytics.shinyapps.io/lcd_query/?LK_Regen
Rottal-Inn,https://darkpeakanalytics.shinyapps.io/lcd_query/?LK_Rottal-Inn
Straubing-Bogen,https://darkpeakanalytics.shinyapps.io/lcd_query/?LK_Straubing-Bogen
Dingolfing-Landau,https://darkpeakanalytics.shinyapps.io/lcd_query/?LK_Dingolfing-Landau
Amberg,https://darkpeakanalytics.shinyapps.io/lcd_query/?SK_Amberg
Regensburg,https://darkpeakanalytics.shinyapps.io/lcd_query/?SK_Regensburg
Weiden i.d. OPf.,https://darkpeakanalytics.shinyapps.io/lcd_query/?SK_Weiden_i.d.OPf.
Amberg-Sulzbach,https://darkpeakanalytics.shinyapps.io/lcd_query/?LK_Amberg-Sulzbach
Cham,https://darkpeakanalytics.shinyapps.io/lcd_query/?LK_Cham
Neumarkt i.d. OPf.,https://darkpeakanalytics.shinyapps.io/lcd_query/?LK_Neumarkt_i.d.OPf.
Neustadt a.d. Waldnaab,https://darkpeakanalytics.shinyapps.io/lcd_query/?LK_Neustadt_a.d.Waldnaab
Regensburg,https://darkpeakanalytics.shinyapps.io/lcd_query/?LK_Regensburg
Schwandorf,https://darkpeakanalytics.shinyapps.io/lcd_query/?LK_Schwandorf
Tirschenreuth,https://darkpeakanalytics.shinyapps.io/lcd_query/?LK_Tirschenreuth
Bamberg,https://darkpeakanalytics.shinyapps.io/lcd_query/?SK_Bamberg
Bayreuth,https://darkpeakanalytics.shinyapps.io/lcd_query/?SK_Bayreuth
Coburg,https://darkpeakanalytics.shinyapps.io/lcd_query/?SK_Coburg
Hof,https://darkpeakanalytics.shinyapps.io/lcd_query/?SK_Hof
Bamberg,https://darkpeakanalytics.shinyapps.io/lcd_query/?LK_Bamberg
Bayreuth,https://darkpeakanalytics.shinyapps.io/lcd_query/?LK_Bayreuth
Coburg,https://darkpeakanalytics.shinyapps.io/lcd_query/?LK_Coburg
Forchheim,https://darkpeakanalytics.shinyapps.io/lcd_query/?LK_Forchheim
Hof,https://darkpeakanalytics.shinyapps.io/lcd_query/?LK_Hof
Kronach,https://darkpeakanalytics.shinyapps.io/lcd_query/?LK_Kronach
Kulmbach,https://darkpeakanalytics.shinyapps.io/lcd_query/?LK_Kulmbach
Lichtenfels,https://darkpeakanalytics.shinyapps.io/lcd_query/?LK_Lichtenfels
Wunsiedel i. Fichtelgebirge,https://darkpeakanalytics.shinyapps.io/lcd_query/?LK_Wunsiedel_i.Fichtelgebirge
Ansbach,https://darkpeakanalytics.shinyapps.io/lcd_query/?SK_Ansbach
Erlangen,https://darkpeakanalytics.shinyapps.io/lcd_query/?SK_Erlangen
Fürth,https://darkpeakanalytics.shinyapps.io/lcd_query/?SK_Fürth
Nürnberg,https://darkpeakanalytics.shinyapps.io/lcd_query/?SK_Nürnberg
Schwabach,https://darkpeakanalytics.shinyapps.io/lcd_query/?SK_Schwabach
Ansbach,https://darkpeakanalytics.shinyapps.io/lcd_query/?LK_Ansbach
Erlangen-Höchstadt,https://darkpeakanalytics.shinyapps.io/lcd_query/?LK_Erlangen-Höchstadt
Fürth,https://darkpeakanalytics.shinyapps.io/lcd_query/?LK_Fürth
Nürnberger Land,https://darkpeakanalytics.shinyapps.io/lcd_query/?LK_Nürnberger_Land
Neustadt a.d. Aisch-Bad Windsheim,https://darkpeakanalytics.shinyapps.io/lcd_query/?LK_Neustadt_a.d.Aisch-Bad_Windsheim
Roth,https://darkpeakanalytics.shinyapps.io/lcd_query/?LK_Roth
Weißenburg-Gunzenhausen,https://darkpeakanalytics.shinyapps.io/lcd_query/?LK_Weißenburg-Gunzenhausen
Aschaffenburg,https://darkpeakanalytics.shinyapps.io/lcd_query/?SK_Aschaffenburg
Schweinfurt,https://darkpeakanalytics.shinyapps.io/lcd_query/?SK_Schweinfurt
Würzburg,https://darkpeakanalytics.shinyapps.io/lcd_query/?SK_Würzburg
Aschaffenburg,https://darkpeakanalytics.shinyapps.io/lcd_query/?LK_Aschaffenburg
Bad Kissingen,https://darkpeakanalytics.shinyapps.io/lcd_query/?LK_Bad_Kissingen
Rhön-Grabfeld,https://darkpeakanalytics.shinyapps.io/lcd_query/?LK_Rhön-Grabfeld
Haßberge,https://darkpeakanalytics.shinyapps.io/lcd_query/?LK_Haßberge
Kitzingen,https://darkpeakanalytics.shinyapps.io/lcd_query/?LK_Kitzingen
Miltenberg,https://darkpeakanalytics.shinyapps.io/lcd_query/?LK_Miltenberg
Main-Spessart,https://darkpeakanalytics.shinyapps.io/lcd_query/?LK_Main-Spessart
Schweinfurt,https://darkpeakanalytics.shinyapps.io/lcd_query/?LK_Schweinfurt
Würzburg,https://darkpeakanalytics.shinyapps.io/lcd_query/?LK_Würzburg
Augsburg,https://darkpeakanalytics.shinyapps.io/lcd_query/?SK_Augsburg
Kaufbeuren,https://darkpeakanalytics.shinyapps.io/lcd_query/?SK_Kaufbeuren
Kempten (Allgäu),https://darkpeakanalytics.shinyapps.io/lcd_query/?SK_Kempten
Memmingen,https://darkpeakanalytics.shinyapps.io/lcd_query/?SK_Memmingen
Aichach-Friedberg,https://darkpeakanalytics.shinyapps.io/lcd_query/?LK_Aichach-Friedberg
Augsburg,https://darkpeakanalytics.shinyapps.io/lcd_query/?LK_Augsburg
Dillingen a.d. Donau,https://darkpeakanalytics.shinyapps.io/lcd_query/?LK_Dillingen_a.d.Donau
Günzburg,https://darkpeakanalytics.shinyapps.io/lcd_query/?LK_Günzburg
Neu-Ulm,https://darkpeakanalytics.shinyapps.io/lcd_query/?LK_Neu-Ulm
Lindau (Bodensee),https://darkpeakanalytics.shinyapps.io/lcd_query/?LK_Lindau
Ostallgäu,https://darkpeakanalytics.shinyapps.io/lcd_query/?LK_Ostallgäu
Unterallgäu,https://darkpeakanalytics.shinyapps.io/lcd_query/?LK_Unterallgäu
Donau-Ries,https://darkpeakanalytics.shinyapps.io/lcd_query/?LK_Donau-Ries
Oberallgäu,https://darkpeakanalytics.shinyapps.io/lcd_query/?LK_Oberallgäu
Regionalverband Saarbrücken,https://darkpeakanalytics.shinyapps.io/lcd_query/?LK_Stadtverband_Saarbrücken
Merzig-Wadern,https://darkpeakanalytics.shinyapps.io/lcd_query/?LK_Merzig-Wadern
Neunkirchen,https://darkpeakanalytics.shinyapps.io/lcd_query/?LK_Neunkirchen
Saarlouis,https://darkpeakanalytics.shinyapps.io/lcd_query/?LK_Saarlouis
Saarpfalz-Kreis,https://darkpeakanalytics.shinyapps.io/lcd_query/?LK_Saar-Pfalz-Kreis
St. Wendel,https://darkpeakanalytics.shinyapps.io/lcd_query/?LK_Sankt_Wendel
Brandenburg an der Havel,https://darkpeakanalytics.shinyapps.io/lcd_query/?SK_Brandenburg_a.d.Havel
Cottbus,https://darkpeakanalytics.shinyapps.io/lcd_query/?SK_Cottbus
Frankfurt (Oder),https://darkpeakanalytics.shinyapps.io/lcd_query/?SK_Frankfurt_(Oder)
Potsdam,https://darkpeakanalytics.shinyapps.io/lcd_query/?SK_Potsdam
Barnim,https://darkpeakanalytics.shinyapps.io/lcd_query/?LK_Barnim
Dahme-Spreewald,https://darkpeakanalytics.shinyapps.io/lcd_query/?LK_Dahme-Spreewald
Elbe-Elster,https://darkpeakanalytics.shinyapps.io/lcd_query/?LK_Elbe-Elster
Havelland,https://darkpeakanalytics.shinyapps.io/lcd_query/?LK_Havelland
Märkisch-Oderland,https://darkpeakanalytics.shinyapps.io/lcd_query/?LK_Märkisch-Oderland
Oberhavel,https://darkpeakanalytics.shinyapps.io/lcd_query/?LK_Oberhavel
Oberspreewald-Lausitz,https://darkpeakanalytics.shinyapps.io/lcd_query/?LK_Oberspreewald-Lausitz
Oder-Spree,https://darkpeakanalytics.shinyapps.io/lcd_query/?LK_Oder-Spree
Ostprignitz-Ruppin,https://darkpeakanalytics.shinyapps.io/lcd_query/?LK_Ostprignitz-Ruppin
Potsdam-Mittelmark,https://darkpeakanalytics.shinyapps.io/lcd_query/?LK_Potsdam-Mittelmark
Prignitz,https://darkpeakanalytics.shinyapps.io/lcd_query/?LK_Prignitz
Spree-Neiße,https://darkpeakanalytics.shinyapps.io/lcd_query/?LK_Spree-Neiße
Teltow-Fläming,https://darkpeakanalytics.shinyapps.io/lcd_query/?LK_Teltow-Fläming
Uckermark,https://darkpeakanalytics.shinyapps.io/lcd_query/?LK_Uckermark
Rostock,https://darkpeakanalytics.shinyapps.io/lcd_query/?SK_Rostock
Schwerin,https://darkpeakanalytics.shinyapps.io/lcd_query/?SK_Schwerin
Mecklenburgische Seenplatte,https://darkpeakanalytics.shinyapps.io/lcd_query/?LK_Mecklenburgische_Seenplatte
Rostock,https://darkpeakanalytics.shinyapps.io/lcd_query/?LK_Rostock
Vorpommern-Rügen,https://darkpeakanalytics.shinyapps.io/lcd_query/?LK_Vorpommern-Rügen
Nordwestmecklenburg,https://darkpeakanalytics.shinyapps.io/lcd_query/?LK_Nordwestmecklenburg
Vorpommern-Greifswald,https://darkpeakanalytics.shinyapps.io/lcd_query/?LK_Vorpommern-Greifswald
Ludwigslust-Parchim,https://darkpeakanalytics.shinyapps.io/lcd_query/?LK_Ludwigslust-Parchim
Chemnitz,https://darkpeakanalytics.shinyapps.io/lcd_query/?SK_Chemnitz
Erzgebirgskreis,https://darkpeakanalytics.shinyapps.io/lcd_query/?LK_Erzgebirgskreis
Mittelsachsen,https://darkpeakanalytics.shinyapps.io/lcd_query/?LK_Mittelsachsen
Vogtlandkreis,https://darkpeakanalytics.shinyapps.io/lcd_query/?LK_Vogtlandkreis
Zwickau,https://darkpeakanalytics.shinyapps.io/lcd_query/?LK_Zwickau
Dresden,https://darkpeakanalytics.shinyapps.io/lcd_query/?SK_Dresden
Bautzen,https://darkpeakanalytics.shinyapps.io/lcd_query/?LK_Bautzen
Görlitz,https://darkpeakanalytics.shinyapps.io/lcd_query/?LK_Görlitz
Meißen,https://darkpeakanalytics.shinyapps.io/lcd_query/?LK_Meißen
Sächsische Schweiz-Osterzgebirge,https://darkpeakanalytics.shinyapps.io/lcd_query/?LK_Sächsische_Schweiz-Osterzgebirge
Leipzig,https://darkpeakanalytics.shinyapps.io/lcd_query/?SK_Leipzig
Leipzig,https://darkpeakanalytics.shinyapps.io/lcd_query/?LK_Leipzig
Nordsachsen,https://darkpeakanalytics.shinyapps.io/lcd_query/?LK_Nordsachsen
Dessau-Roßlau,https://darkpeakanalytics.shinyapps.io/lcd_query/?SK_Dessau-Roßlau
Halle (Saale),https://darkpeakanalytics.shinyapps.io/lcd_query/?SK_Halle
Magdeburg,https://darkpeakanalytics.shinyapps.io/lcd_query/?SK_Magdeburg
Altmarkkreis Salzwedel,https://darkpeakanalytics.shinyapps.io/lcd_query/?LK_Altmarkkreis_Salzwedel
Anhalt-Bitterfeld,https://darkpeakanalytics.shinyapps.io/lcd_query/?LK_Anhalt-Bitterfeld
Börde,https://darkpeakanalytics.shinyapps.io/lcd_query/?LK_Börde
Burgenlandkreis,https://darkpeakanalytics.shinyapps.io/lcd_query/?LK_Burgenlandkreis
Harz,https://darkpeakanalytics.shinyapps.io/lcd_query/?LK_Harz
Jerichower Land,https://darkpeakanalytics.shinyapps.io/lcd_query/?LK_Jerichower_Land
Mansfeld-Südharz,https://darkpeakanalytics.shinyapps.io/lcd_query/?LK_Mansfeld-Südharz
Saalekreis,https://darkpeakanalytics.shinyapps.io/lcd_query/?LK_Saalekreis
Salzlandkreis,https://darkpeakanalytics.shinyapps.io/lcd_query/?LK_Salzlandkreis
Stendal,https://darkpeakanalytics.shinyapps.io/lcd_query/?LK_Stendal
Wittenberg,https://darkpeakanalytics.shinyapps.io/lcd_query/?LK_Wittenberg
Erfurt,https://darkpeakanalytics.shinyapps.io/lcd_query/?SK_Erfurt
Gera,https://darkpeakanalytics.shinyapps.io/lcd_query/?SK_Gera
Jena,https://darkpeakanalytics.shinyapps.io/lcd_query/?SK_Jena
Suhl,https://darkpeakanalytics.shinyapps.io/lcd_query/?SK_Suhl
Weimar,https://darkpeakanalytics.shinyapps.io/lcd_query/?SK_Weimar
Eisenach,https://darkpeakanalytics.shinyapps.io/lcd_query/?SK_Eisenach
Eichsfeld,https://darkpeakanalytics.shinyapps.io/lcd_query/?LK_Eichsfeld
Nordhausen,https://darkpeakanalytics.shinyapps.io/lcd_query/?LK_Nordhausen
Wartburgkreis,https://darkpeakanalytics.shinyapps.io/lcd_query/?LK_Wartburgkreis
Unstrut-Hainich-Kreis,https://darkpeakanalytics.shinyapps.io/lcd_query/?LK_Unstrut-Hainich-Kreis
Kyffhäuserkreis,https://darkpeakanalytics.shinyapps.io/lcd_query/?LK_Kyffhäuserkreis
Schmalkalden-Meiningen,https://darkpeakanalytics.shinyapps.io/lcd_query/?LK_Schmalkalden-Meiningen
Gotha,https://darkpeakanalytics.shinyapps.io/lcd_query/?LK_Gotha
Sömmerda,https://darkpeakanalytics.shinyapps.io/lcd_query/?LK_Sömmerda
Hildburghausen,https://darkpeakanalytics.shinyapps.io/lcd_query/?LK_Hildburghausen
Ilm-Kreis,https://darkpeakanalytics.shinyapps.io/lcd_query/?LK_Ilm-Kreis
Weimarer Land,https://darkpeakanalytics.shinyapps.io/lcd_query/?LK_Weimarer_Land
Sonneberg,https://darkpeakanalytics.shinyapps.io/lcd_query/?LK_Sonneberg
Saalfeld-Rudolstadt,https://darkpeakanalytics.shinyapps.io/lcd_query/?LK_Saalfeld-Rudolstadt
Saale-Holzland-Kreis,https://darkpeakanalytics.shinyapps.io/lcd_query/?LK_Saale-Holzland-Kreis
Saale-Orla-Kreis,https://darkpeakanalytics.shinyapps.io/lcd_query/?LK_Saale-Orla-Kreis
Greiz,https://darkpeakanalytics.shinyapps.io/lcd_query/?LK_Greiz
Altenburger Land,https://darkpeakanalytics.shinyapps.io/lcd_query/?LK_Altenburger_Land
Berlin Reinickendorf,https://darkpeakanalytics.shinyapps.io/lcd_query/?SK_Berlin_Reinickendorf
Berlin Charlottenburg-Wilmersdorf,https://darkpeakanalytics.shinyapps.io/lcd_query/?SK_Berlin_Charlottenburg-Wilmersdorf
Berlin Treptow-Köpenick,https://darkpeakanalytics.shinyapps.io/lcd_query/?SK_Berlin_Treptow-Köpenick
Berlin Pankow,https://darkpeakanalytics.shinyapps.io/lcd_query/?SK_Berlin_Pankow
Berlin Neukölln,https://darkpeakanalytics.shinyapps.io/lcd_query/?SK_Berlin_Neukölln
Berlin Lichtenberg,https://darkpeakanalytics.shinyapps.io/lcd_query/?SK_Berlin_Lichtenberg
Berlin Marzahn-Hellersdorf,https://darkpeakanalytics.shinyapps.io/lcd_query/?SK_Berlin_Marzahn-Hellersdorf
Berlin Spandau,https://darkpeakanalytics.shinyapps.io/lcd_query/?SK_Berlin_Spandau
Berlin Steglitz-Zehlendorf,https://darkpeakanalytics.shinyapps.io/lcd_query/?SK_Berlin_Steglitz-Zehlendorf
Berlin Mitte,https://darkpeakanalytics.shinyapps.io/lcd_query/?SK_Berlin_Mitte
Berlin Friedrichshain-Kreuzberg,https://darkpeakanalytics.shinyapps.io/lcd_query/?SK_Berlin_Friedrichshain-Kreuzberg
Berlin Tempelhof-Schöneberg,https://darkpeakanalytics.shinyapps.io/lcd_query/?SK_Berlin_Tempelhof-Schöneberg